Weather,Menu_Item,Delivery_Traffic,Actual_Attendance
Clear,Paneer,Low,392
Rain,Tori,High,336
Rain,Tori,Medium,366
Clear,Paneer,Medium,424
Clear,Paneer,Low,450
Clear,Paneer,High,352
Clear,Paneer,Low,395
Rain,Paneer,High,384
Clear,Tori,Medium,307
Rain,Paneer,Low,436
Clear,Paneer,Medium,398
Rain,Tori,Low,406
Rain,Paneer,Medium,412
Clear,Tori,Medium,366
Clear,Paneer,Low,400
Clear,Paneer,High,365
Clear,Tori,Low,344
Clear,Tori,Medium,339
Clear,Tori,High,266
Clear,Tori,Medium,331
Clear,Tori,Low,385
Clear,Paneer,High,333
Clear,Paneer,Medium,366
Clear,Tori,Low,367
Clear,Tori,Low,381
Rain,Tori,High,313
Clear,Paneer,Medium,395
Clear,Paneer,Medium,398
Clear,Tori,High,288
Clear,Paneer,High,341
Clear,Tori,Low,363
Clear,Tori,Low,335
Clear,Paneer,Low,430
Rain,Tori,Medium,351
Rain,Tori,Low,387
Rain,Paneer,Medium,439
Clear,Tori,High,270
Clear,Tori,High,288
Clear,Tori,Low,368
Clear,Paneer,High,380
Clear,Tori,Low,408
Clear,Paneer,High,335
Clear,Paneer,Low,437
Rain,Tori,Low,394
Clear,Paneer,High,363
Clear,Paneer,Low,442
Clear,Tori,Low,345
Clear,Tori,Medium,333
Clear,Tori,Medium,338
Clear,Tori,Medium,368
Rain,Paneer,Medium,393
Rain,Paneer,Medium,446
Rain,Paneer,Low,452
Rain,Tori,Low,412
Clear,Tori,Low,348
Rain,Tori,High,346
Clear,Tori,Medium,332
Clear,Paneer,Medium,383
Clear,Paneer,Medium,353
Clear,Paneer,High,337
Clear,Tori,Low,373
Clear,Paneer,Medium,398
Rain,Tori,Medium,355
Clear,Paneer,Medium,429
Clear,Paneer,Low,423
Clear,Paneer,High,418
Clear,Tori,High,309
Rain,Tori,Medium,364
Clear,Paneer,Medium,414
Rain,Paneer,High,406
Rain,Tori,Medium,369
Clear,Paneer,Low,419
Clear,Tori,Medium,356
Rain,Tori,Medium,373
Rain,Paneer,Medium,459
Rain,Paneer,Medium,410
Rain,Tori,High,346
Clear,Paneer,High,354
Clear,Paneer,Medium,398
Clear,Tori,Low,362
Rain,Tori,High,316
Clear,Tori,High,277
Clear,Tori,Low,344
Clear,Paneer,High,388
Clear,Paneer,High,345
Clear,Tori,Medium,322
Rain,Tori,Medium,372
Clear,Paneer,Low,391
Rain,Tori,Low,391
Clear,Paneer,Low,359
Clear,Paneer,High,372
Rain,Paneer,Low,448
Rain,Paneer,Low,454
Clear,Paneer,Low,410
Rain,Paneer,Medium,474
Clear,Paneer,High,356
Clear,Tori,Low,373
Clear,Tori,Low,343
Clear,Tori,Medium,345
Clear,Tori,Medium,377
Clear,Paneer,Low,428
Clear,Paneer,Medium,379
Clear,Tori,Low,365
Clear,Paneer,Low,416
Rain,Tori,Medium,339
Clear,Paneer,Medium,382
Clear,Tori,High,311
Rain,Paneer,Low,414
Clear,Tori,Medium,341
Clear,Tori,Medium,344
Clear,Tori,Low,326
Clear,Paneer,Medium,373
Rain,Tori,Low,407
Rain,Tori,High,311
Clear,Tori,Low,339
Rain,Tori,Medium,370
Rain,Tori,Low,411
Clear,Paneer,High,340
Rain,Tori,Medium,356
Clear,Tori,Medium,325
Rain,Tori,Low,403
Rain,Paneer,Medium,425
Clear,Paneer,Low,400
Clear,Tori,High,262
Clear,Tori,Low,326
Clear,Paneer,Low,418
Rain,Tori,Low,405
Rain,Paneer,Medium,401
Clear,Paneer,Medium,377
Clear,Paneer,Low,429
Clear,Paneer,High,371
Clear,Tori,Medium,319
Clear,Paneer,Medium,384
Clear,Tori,Medium,391
Rain,Tori,Medium,334
Clear,Tori,Medium,339
Clear,Tori,Low,383
Rain,Paneer,Low,438
Clear,Tori,High,316
Rain,Tori,High,285
Rain,Paneer,Low,441
Clear,Tori,Low,378
Clear,Tori,Medium,325
Clear,Tori,Medium,325
Clear,Tori,Low,345
Clear,Tori,Low,361
Clear,Paneer,Medium,416
Clear,Tori,Medium,344
Clear,Tori,Low,361
Clear,Paneer,Low,417
Rain,Paneer,Low,460
Clear,Paneer,Medium,392
Clear,Tori,Low,374
Clear,Tori,Low,332
Rain,Paneer,High,374
Clear,Tori,Low,383
Clear,Paneer,Medium,380
Rain,Tori,Low,356
Clear,Tori,Low,362
Rain,Tori,Low,392
Clear,Paneer,Medium,377
Clear,Paneer,High,364
Clear,Paneer,High,340
Clear,Paneer,Low,381
Clear,Tori,Medium,317
Rain,Tori,Low,410
Clear,Tori,Low,365
Clear,Tori,High,271
Clear,Tori,Low,365
Clear,Tori,Low,360
Clear,Tori,Low,354
Clear,Tori,Low,380
Clear,Paneer,Low,422
Clear,Paneer,Medium,398
Clear,Paneer,Medium,386
Clear,Tori,High,321
Clear,Tori,High,288
Clear,Paneer,Low,428
Rain,Tori,Low,398
Clear,Tori,Low,348
Clear,Paneer,Medium,396
Clear,Paneer,Low,461
Rain,Tori,Medium,365
Rain,Tori,Medium,382
Clear,Tori,Medium,343
Clear,Tori,Medium,328
Rain,Tori,Low,379
Clear,Tori,High,277
Clear,Tori,High,297
Clear,Tori,Low,397
Clear,Paneer,High,337
Rain,Paneer,Medium,411
Rain,Paneer,High,380
Clear,Tori,High,259
Clear,Tori,Medium,323
Clear,Tori,Low,354
Rain,Paneer,Low,450
Rain,Paneer,Medium,421
Rain,Paneer,Medium,387
Rain,Paneer,Low,444
Clear,Tori,Low,385
Clear,Paneer,High,366
Clear,Paneer,High,322
Rain,Tori,Medium,384
Clear,Paneer,Low,438
Clear,Tori,Low,334
Clear,Tori,Low,376
Clear,Paneer,High,329
Clear,Tori,Low,395
Clear,Tori,Medium,307
Clear,Tori,Low,358
Clear,Paneer,Medium,417
Clear,Tori,Medium,302
Clear,Paneer,High,363
Rain,Paneer,Low,466
Clear,Paneer,Low,430
Clear,Tori,Low,356
Rain,Paneer,High,427
Clear,Paneer,High,370
Rain,Tori,Medium,419
Clear,Paneer,Medium,386
Clear,Paneer,Medium,423
Clear,Paneer,Low,427
Clear,Paneer,High,360
Clear,Paneer,Medium,423
Clear,Paneer,Low,413
Rain,Tori,Medium,342
Clear,Paneer,Low,389
Rain,Paneer,Low,458
Clear,Tori,Medium,320
Rain,Paneer,Low,449
Clear,Tori,Medium,314
Clear,Paneer,Low,431
Clear,Paneer,Low,415
Clear,Paneer,Low,431
Rain,Paneer,Low,458
Clear,Paneer,Medium,392
Clear,Paneer,Low,444
Clear,Paneer,Medium,396
Clear,Paneer,Medium,404
Rain,Paneer,Medium,448
Rain,Paneer,High,408
Rain,Paneer,Medium,408
Clear,Tori,Low,390
Clear,Tori,Low,370
Rain,Paneer,Low,461
Clear,Tori,Medium,333
Rain,Tori,Low,375
Rain,Paneer,Medium,445
Rain,Tori,Medium,325
Clear,Tori,Low,353
Clear,Paneer,High,357
Rain,Paneer,Low,424
Clear,Tori,Low,338
Clear,Tori,Medium,368
Clear,Paneer,Medium,390
Rain,Paneer,Medium,408
Clear,Paneer,Medium,413
Clear,Paneer,Low,409
Clear,Tori,High,311
Clear,Paneer,High,351
Rain,Paneer,Medium,441
Clear,Tori,Low,342
Clear,Paneer,Medium,354
Rain,Paneer,Low,495
Rain,Tori,Low,356
Clear,Tori,High,274
Rain,Tori,Low,399
Clear,Tori,High,330
Clear,Paneer,Medium,379
Rain,Paneer,Low,462
Rain,Tori,Medium,361
Rain,Paneer,High,401
Rain,Paneer,Medium,424
Clear,Paneer,High,306
Clear,Paneer,Medium,402
Rain,Paneer,Medium,440
Clear,Paneer,High,371
Rain,Paneer,Low,430
Rain,Paneer,Medium,399
Rain,Tori,Low,346
Clear,Tori,High,299
Clear,Tori,High,319
Clear,Tori,Low,369
Clear,Paneer,Medium,389
Clear,Paneer,High,363
Clear,Tori,Low,384
Clear,Tori,Medium,357
Clear,Tori,High,284
Clear,Paneer,Low,416
Clear,Paneer,Medium,360
Clear,Paneer,Low,425
Rain,Paneer,High,360
Clear,Tori,High,278
Clear,Tori,High,332
Clear,Paneer,Medium,417
Rain,Tori,High,318
Clear,Tori,High,310
Clear,Paneer,Low,398
Clear,Paneer,High,344
Clear,Paneer,Low,423
Clear,Paneer,Medium,362
Clear,Paneer,Low,428
Clear,Paneer,Low,440
Rain,Paneer,Low,455
Rain,Paneer,Medium,442
Clear,Tori,Low,386
Clear,Paneer,Medium,388
Rain,Tori,Low,392
Clear,Paneer,Low,421
Clear,Tori,Medium,367
Clear,Paneer,High,369
Clear,Paneer,Low,406
Rain,Tori,Medium,396
Rain,Tori,High,361
Clear,Tori,Medium,339
Clear,Paneer,Low,409
Clear,Paneer,Low,421
Clear,Tori,High,272
Clear,Tori,Low,327
Clear,Tori,High,304
Rain,Tori,Medium,365
Clear,Paneer,High,360
Clear,Tori,High,314
Rain,Paneer,High,372
Rain,Paneer,Low,475
Clear,Paneer,High,361
Clear,Tori,Medium,308
Clear,Paneer,Medium,366
Clear,Paneer,Medium,384
Clear,Tori,High,286
Rain,Paneer,High,348
Clear,Tori,High,296
Clear,Paneer,Medium,383
Clear,Paneer,Medium,347
Clear,Tori,Medium,305
Rain,Paneer,Low,425
Rain,Paneer,Low,458
Clear,Paneer,Low,465
Clear,Paneer,Low,396
Clear,Tori,Low,347
Clear,Paneer,Low,399
Clear,Tori,Low,370
Clear,Paneer,Low,432
Clear,Tori,High,291
Clear,Tori,Medium,328
Clear,Tori,Low,351
Clear,Paneer,Medium,412
Clear,Paneer,Low,426
Clear,Paneer,High,350
Clear,Tori,High,265
Rain,Tori,Low,398
Clear,Tori,Medium,313
Clear,Paneer,High,339
Clear,Tori,High,278
Clear,Tori,Medium,341
Clear,Paneer,Medium,430
Clear,Paneer,Low,431
Rain,Tori,High,313
Clear,Tori,Low,385
Clear,Tori,High,285
Clear,Paneer,Medium,369
Clear,Tori,Medium,334
Clear,Paneer,Medium,379
Rain,Paneer,Low,444
